Category,Subcategory,Generic drug / agent,Common routes
Medical gases / inhaled anesthetics,,Sevoflurane,Inhaled
Medical gases / inhaled anesthetics,,Desflurane,Inhaled
Medical gases / inhaled anesthetics,,Isoflurane,Inhaled
Intravenous hypnotics / general anesthetics,Induction/maintenance,Propofol,IV
Intravenous hypnotics / general anesthetics,Induction/maintenance,Fospropofol,IV
Intravenous hypnotics / general anesthetics,Induction/maintenance,Etomidate,IV
Intravenous hypnotics / general anesthetics,Induction/maintenance,Ketamine,IV
Intravenous hypnotics / general anesthetics,Induction/maintenance,Esketamine,IV
Intravenous hypnotics / general anesthetics,Induction/maintenance,Thiopental / Thiopentone,IV
Intravenous hypnotics / general anesthetics,Induction/maintenance,Methohexital,IV
Intravenous hypnotics / general anesthetics,Induction/maintenance,Thiamylal,IV
Intravenous hypnotics / general anesthetics,Induction/maintenance,Pentobarbital,IV
Sedatives / anxiolytics / alpha-2 agonists,Sedation/anxiolysis,Midazolam,"IV, PO, IN, IM depending on drug"
Sedatives / anxiolytics / alpha-2 agonists,Sedation/anxiolysis,Diazepam,"IV, PO, IN, IM depending on drug"
Sedatives / anxiolytics / alpha-2 agonists,Sedation/anxiolysis,Lorazepam,"IV, PO, IN, IM depending on drug"
Sedatives / anxiolytics / alpha-2 agonists,Sedation/anxiolysis,Remimazolam,"IV, PO, IN, IM depending on drug"
Sedatives / anxiolytics / alpha-2 agonists,Sedation/anxiolysis,Dexmedetomidine,"IV, PO, IN, IM depending on drug"
Sedatives / anxiolytics / alpha-2 agonists,Sedation/anxiolysis,Clonidine,"IV, PO, IN, IM depending on drug"
Sedatives / anxiolytics / alpha-2 agonists,Sedation/anxiolysis,Droperidol,"IV, PO, IN, IM depending on drug"
Sedatives / anxiolytics / alpha-2 agonists,Sedation/anxiolysis,Haloperidol,"IV, PO, IN, IM depending on drug"
Sedatives / anxiolytics / alpha-2 agonists,Sedation/anxiolysis,Promethazine,"IV, PO, IN, IM depending on drug"
Opioid analgesics,Analgesia,Fentanyl,"IV, neuraxial, epidural, IM, PO depending on drug"
Opioid analgesics,Analgesia,Sufentanil,"IV, neuraxial, epidural, IM, PO depending on drug"
Opioid analgesics,Analgesia,Remifentanil,"IV, neuraxial, epidural, IM, PO depending on drug"
Opioid analgesics,Analgesia,Alfentanil,"IV, neuraxial, epidural, IM, PO depending on drug"
Opioid analgesics,Analgesia,Morphine,"IV, neuraxial, epidural, IM, PO depending on drug"
Opioid analgesics,Analgesia,Hydromorphone,"IV, neuraxial, epidural, IM, PO depending on drug"
Opioid analgesics,Analgesia,Oxycodone,"IV, neuraxial, epidural, IM, PO depending on drug"
Opioid analgesics,Analgesia,Methadone,"IV, neuraxial, epidural, IM, PO depending on drug"
Opioid analgesics,Analgesia,Pethidine / Meperidine,"IV, neuraxial, epidural, IM, PO depending on drug"
Opioid analgesics,Analgesia,Tramadol,"IV, neuraxial, epidural, IM, PO depending on drug"
Opioid analgesics,Analgesia,Tapentadol,"IV, neuraxial, epidural, IM, PO depending on drug"
Opioid analgesics,Analgesia,Nalbuphine,"IV, neuraxial, epidural, IM, PO depending on drug"
Opioid analgesics,Analgesia,Butorphanol,"IV, neuraxial, epidural, IM, PO depending on drug"
Opioid analgesics,Analgesia,Buprenorphine,"IV, neuraxial, epidural, IM, PO depending on drug"
Opioid analgesics,Analgesia,Piritramide,"IV, neuraxial, epidural, IM, PO depending on drug"
Opioid analgesics,Analgesia,Diamorphine,"IV, neuraxial, epidural, IM, PO depending on drug"
Opioid analgesics,Analgesia,Codeine,"IV, neuraxial, epidural, IM, PO depending on drug"
Opioid analgesics,Analgesia,Levorphanol,"IV, neuraxial, epidural, IM, PO depending on drug"
Non-opioid analgesics / analgesic adjuncts,Non-opioid analgesia,Paracetamol / Acetaminophen,"IV, PO, regional depending on drug"
Non-opioid analgesics / analgesic adjuncts,Non-opioid analgesia,Metamizole / Dipyrone,"IV, PO, regional depending on drug"
Non-opioid analgesics / analgesic adjuncts,Non-opioid analgesia,Ketorolac,"IV, PO, regional depending on drug"
Non-opioid analgesics / analgesic adjuncts,Non-opioid analgesia,Diclofenac,"IV, PO, regional depending on drug"
Non-opioid analgesics / analgesic adjuncts,Non-opioid analgesia,Ibuprofen,"IV, PO, regional depending on drug"
Non-opioid analgesics / analgesic adjuncts,Non-opioid analgesia,Dexketoprofen,"IV, PO, regional depending on drug"
Non-opioid analgesics / analgesic adjuncts,Non-opioid analgesia,Ketoprofen,"IV, PO, regional depending on drug"
Non-opioid analgesics / analgesic adjuncts,Non-opioid analgesia,Parecoxib,"IV, PO, regional depending on drug"
Non-opioid analgesics / analgesic adjuncts,Non-opioid analgesia,Celecoxib,"IV, PO, regional depending on drug"
Non-opioid analgesics / analgesic adjuncts,Non-opioid analgesia,Etoricoxib,"IV, PO, regional depending on drug"
Non-opioid analgesics / analgesic adjuncts,Non-opioid analgesia,Lornoxicam,"IV, PO, regional depending on drug"
Non-opioid analgesics / analgesic adjuncts,Non-opioid analgesia,Tenoxicam,"IV, PO, regional depending on drug"
Non-opioid analgesics / analgesic adjuncts,Non-opioid analgesia,Meloxicam,"IV, PO, regional depending on drug"
Non-opioid analgesics / analgesic adjuncts,Non-opioid analgesia,Nefopam,"IV, PO, regional depending on drug"
Non-opioid analgesics / analgesic adjuncts,Non-opioid analgesia,Magnesium sulfate,"IV, PO, regional depending on drug"
Non-opioid analgesics / analgesic adjuncts,Non-opioid analgesia,IV lidocaine,"IV, PO, regional depending on drug"
Non-opioid analgesics / analgesic adjuncts,Non-opioid analgesia,Low-dose ketamine,"IV, PO, regional depending on drug"
Non-opioid analgesics / analgesic adjuncts,Non-opioid analgesia,Dexmedetomidine,"IV, PO, regional depending on drug"
Non-opioid analgesics / analgesic adjuncts,Non-opioid analgesia,Clonidine,"IV, PO, regional depending on drug"
Non-opioid analgesics / analgesic adjuncts,Non-opioid analgesia,Gabapentin,"IV, PO, regional depending on drug"
Non-opioid analgesics / analgesic adjuncts,Non-opioid analgesia,Pregabalin,"IV, PO, regional depending on drug"
Neuromuscular blocking drugs,Paralysis,Succinylcholine / Suxamethonium,IV
Neuromuscular blocking drugs,Paralysis,Rocuronium,IV
Neuromuscular blocking drugs,Paralysis,Vecuronium,IV
Neuromuscular blocking drugs,Paralysis,Pancuronium,IV
Neuromuscular blocking drugs,Paralysis,Pipecuronium,IV
Neuromuscular blocking drugs,Paralysis,Cisatracurium,IV
Neuromuscular blocking drugs,Paralysis,Atracurium,IV
Neuromuscular blocking drugs,Paralysis,Mivacurium,IV
Neuromuscular blocking drugs,Paralysis,Doxacurium,IV
Neuromuscular reversal / anticholinergics,Reversal/autonomic,Sugammadex,"IV, IM, transdermal depending on drug"
Neuromuscular reversal / anticholinergics,Reversal/autonomic,Neostigmine,"IV, IM, transdermal depending on drug"
Neuromuscular reversal / anticholinergics,Reversal/autonomic,Edrophonium,"IV, IM, transdermal depending on drug"
Neuromuscular reversal / anticholinergics,Reversal/autonomic,Pyridostigmine,"IV, IM, transdermal depending on drug"
Neuromuscular reversal / anticholinergics,Reversal/autonomic,Glycopyrrolate,"IV, IM, transdermal depending on drug"
Neuromuscular reversal / anticholinergics,Reversal/autonomic,Atropine,"IV, IM, transdermal depending on drug"
Neuromuscular reversal / anticholinergics,Reversal/autonomic,Scopolamine / Hyoscine,"IV, IM, transdermal depending on drug"
Neuromuscular reversal / anticholinergics,Reversal/autonomic,Hyoscine butylbromide,"IV, IM, transdermal depending on drug"
Local/regional anesthetics,Local/regional anesthesia,Lidocaine / Lignocaine,"Regional, neuraxial, infiltration, topical, IV depending on drug"
Local/regional anesthetics,Local/regional anesthesia,Bupivacaine,"Regional, neuraxial, infiltration, topical, IV depending on drug"
Local/regional anesthetics,Local/regional anesthesia,Levobupivacaine,"Regional, neuraxial, infiltration, topical, IV depending on drug"
Local/regional anesthetics,Local/regional anesthesia,Ropivacaine,"Regional, neuraxial, infiltration, topical, IV depending on drug"
Local/regional anesthetics,Local/regional anesthesia,Mepivacaine,"Regional, neuraxial, infiltration, topical, IV depending on drug"
Local/regional anesthetics,Local/regional anesthesia,Prilocaine,"Regional, neuraxial, infiltration, topical, IV depending on drug"
Local/regional anesthetics,Local/regional anesthesia,Chloroprocaine,"Regional, neuraxial, infiltration, topical, IV depending on drug"
Local/regional anesthetics,Local/regional anesthesia,Articaine,"Regional, neuraxial, infiltration, topical, IV depending on drug"
Local/regional anesthetics,Local/regional anesthesia,Procaine,"Regional, neuraxial, infiltration, topical, IV depending on drug"
Local/regional anesthetics,Local/regional anesthesia,Tetracaine / Amethocaine,"Regional, neuraxial, infiltration, topical, IV depending on drug"
Local/regional anesthetics,Local/regional anesthesia,Cocaine,"Regional, neuraxial, infiltration, topical, IV depending on drug"
Local/regional anesthetics,Local/regional anesthesia,Benzocaine,"Regional, neuraxial, infiltration, topical, IV depending on drug"
Local/regional anesthetics,Local/regional anesthesia,Etidocaine,"Regional, neuraxial, infiltration, topical, IV depending on drug"
Local/regional anesthetics,Local/regional anesthesia,Dibucaine / Cinchocaine,"Regional, neuraxial, infiltration, topical, IV depending on drug"
Local/regional anesthetics,Local/regional anesthesia,Oxybuprocaine / Benoxinate,Topical
Regional anesthesia adjuvants,Block/neuraxial adjunct,Epinephrine / Adrenaline,"Perineural, epidural, intrathecal, infiltration depending on local practice and drug"
Regional anesthesia adjuvants,Block/neuraxial adjunct,Clonidine,"Perineural, epidural, intrathecal, infiltration depending on local practice and drug"
Regional anesthesia adjuvants,Block/neuraxial adjunct,Dexmedetomidine,"Perineural, epidural, intrathecal, infiltration depending on local practice and drug"
Regional anesthesia adjuvants,Block/neuraxial adjunct,Dexamethasone,"Perineural, epidural, intrathecal, infiltration depending on local practice and drug"
Regional anesthesia adjuvants,Block/neuraxial adjunct,Sodium bicarbonate,"Perineural, epidural, intrathecal, infiltration depending on local practice and drug"
Regional anesthesia adjuvants,Block/neuraxial adjunct,Hyaluronidase,"Perineural, epidural, intrathecal, infiltration depending on local practice and drug"
Regional anesthesia adjuvants,Block/neuraxial adjunct,Buprenorphine,"Perineural, epidural, intrathecal, infiltration depending on local practice and drug"
Regional anesthesia adjuvants,Block/neuraxial adjunct,Morphine,"Perineural, epidural, intrathecal, infiltration depending on local practice and drug"
Regional anesthesia adjuvants,Block/neuraxial adjunct,Fentanyl,"Perineural, epidural, intrathecal, infiltration depending on local practice and drug"
Regional anesthesia adjuvants,Block/neuraxial adjunct,Sufentanil,"Perineural, epidural, intrathecal, infiltration depending on local practice and drug"
Regional anesthesia adjuvants,Block/neuraxial adjunct,Diamorphine,"Perineural, epidural, intrathecal, infiltration depending on local practice and drug"
Regional anesthesia adjuvants,Block/neuraxial adjunct,Ketamine,"Perineural, epidural, intrathecal, infiltration depending on local practice and drug"
Regional anesthesia adjuvants,Block/neuraxial adjunct,Magnesium sulfate,"Perineural, epidural, intrathecal, infiltration depending on local practice and drug"
Regional anesthesia adjuvants,Block/neuraxial adjunct,Midazolam,"Perineural, epidural, intrathecal, infiltration depending on local practice and drug"
Vasoactive drugs - vasopressors / vasoconstrictors,Vasopressor,Phenylephrine,"IV bolus/infusion, IM/SC/PO depending on drug"
Vasoactive drugs - vasopressors / vasoconstrictors,Vasopressor,Norepinephrine / Noradrenaline,"IV bolus/infusion, IM/SC/PO depending on drug"
Vasoactive drugs - vasopressors / vasoconstrictors,Vasopressor,Epinephrine / Adrenaline,"IV bolus/infusion, IM/SC/PO depending on drug"
Vasoactive drugs - vasopressors / vasoconstrictors,Vasopressor,Ephedrine,"IV bolus/infusion, IM/SC/PO depending on drug"
Vasoactive drugs - vasopressors / vasoconstrictors,Vasopressor,Metaraminol,"IV bolus/infusion, IM/SC/PO depending on drug"
Vasoactive drugs - vasopressors / vasoconstrictors,Vasopressor,Mephentermine,"IV bolus/infusion, IM/SC/PO depending on drug"
Vasoactive drugs - vasopressors / vasoconstrictors,Vasopressor,Dopamine,"IV bolus/infusion, IM/SC/PO depending on drug"
Vasoactive drugs - vasopressors / vasoconstrictors,Vasopressor,Vasopressin,"IV bolus/infusion, IM/SC/PO depending on drug"
Vasoactive drugs - vasopressors / vasoconstrictors,Vasopressor,Terlipressin,"IV bolus/infusion, IM/SC/PO depending on drug"
Vasoactive drugs - vasopressors / vasoconstrictors,Vasopressor,Angiotensin II,"IV bolus/infusion, IM/SC/PO depending on drug"
Vasoactive drugs - vasopressors / vasoconstrictors,Vasopressor,Methylene blue,"IV bolus/infusion, IM/SC/PO depending on drug"
Vasoactive drugs - vasopressors / vasoconstrictors,Vasopressor,Hydroxocobalamin,"IV bolus/infusion, IM/SC/PO depending on drug"
Vasoactive drugs - vasopressors / vasoconstrictors,Vasopressor,Midodrine,"IV bolus/infusion, IM/SC/PO depending on drug"
Vasoactive drugs - vasopressors / vasoconstrictors,Vasopressor,Etilefrine,"IV bolus/infusion, IM/SC/PO depending on drug"
Vasoactive drugs - inotropes / inodilators,Inotrope/inodilator,Dobutamine,IV
Vasoactive drugs - inotropes / inodilators,Inotrope/inodilator,Milrinone,IV
Vasoactive drugs - inotropes / inodilators,Inotrope/inodilator,Levosimendan,IV
Vasoactive drugs - inotropes / inodilators,Inotrope/inodilator,Dopamine,IV
Vasoactive drugs - inotropes / inodilators,Inotrope/inodilator,Epinephrine / Adrenaline,IV
Vasoactive drugs - inotropes / inodilators,Inotrope/inodilator,Norepinephrine / Noradrenaline,IV
Vasoactive drugs - inotropes / inodilators,Inotrope/inodilator,Isoproterenol / Isoprenaline,IV
Vasoactive drugs - inotropes / inodilators,Inotrope/inodilator,Dopexamine,IV
Vasoactive drugs - inotropes / inodilators,Inotrope/inodilator,Enoximone,IV
Vasoactive drugs - inotropes / inodilators,Inotrope/inodilator,Inamrinone / Amrinone,IV
Vasoactive drugs - inotropes / inodilators,Inotrope/inodilator,Glucagon,IV
Vasoactive drugs - inotropes / inodilators,Inotrope/inodilator,Calcium chloride,IV
Vasoactive drugs - inotropes / inodilators,Inotrope/inodilator,Calcium gluconate,IV
Vasoactive drugs - inotropes / inodilators,Inotrope/inodilator,Digoxin,IV
Vasoactive drugs - antihypertensives / vasodilators,Vasodilator/antihypertensive,Nitroglycerin / Glyceryl trinitrate,"IV, inhaled, intrapulmonary, PO depending on drug"
Vasoactive drugs - antihypertensives / vasodilators,Vasodilator/antihypertensive,Sodium nitroprusside,"IV, inhaled, intrapulmonary, PO depending on drug"
Vasoactive drugs - antihypertensives / vasodilators,Vasodilator/antihypertensive,Nicardipine,"IV, inhaled, intrapulmonary, PO depending on drug"
Vasoactive drugs - antihypertensives / vasodilators,Vasodilator/antihypertensive,Clevidipine,"IV, inhaled, intrapulmonary, PO depending on drug"
Vasoactive drugs - antihypertensives / vasodilators,Vasodilator/antihypertensive,Esmolol,"IV, inhaled, intrapulmonary, PO depending on drug"
Vasoactive drugs - antihypertensives / vasodilators,Vasodilator/antihypertensive,Labetalol,"IV, inhaled, intrapulmonary, PO depending on drug"
Vasoactive drugs - antihypertensives / vasodilators,Vasodilator/antihypertensive,Metoprolol,"IV, inhaled, intrapulmonary, PO depending on drug"
Vasoactive drugs - antihypertensives / vasodilators,Vasodilator/antihypertensive,Atenolol,"IV, inhaled, intrapulmonary, PO depending on drug"
Vasoactive drugs - antihypertensives / vasodilators,Vasodilator/antihypertensive,Propranolol,"IV, inhaled, intrapulmonary, PO depending on drug"
Vasoactive drugs - antihypertensives / vasodilators,Vasodilator/antihypertensive,Hydralazine,"IV, inhaled, intrapulmonary, PO depending on drug"
Vasoactive drugs - antihypertensives / vasodilators,Vasodilator/antihypertensive,Urapidil,"IV, inhaled, intrapulmonary, PO depending on drug"
Vasoactive drugs - antihypertensives / vasodilators,Vasodilator/antihypertensive,Phentolamine,"IV, inhaled, intrapulmonary, PO depending on drug"
Vasoactive drugs - antihypertensives / vasodilators,Vasodilator/antihypertensive,Nitric oxide,"IV, inhaled, intrapulmonary, PO depending on drug"
Vasoactive drugs - antihypertensives / vasodilators,Vasodilator/antihypertensive,Epoprostenol,"IV, inhaled, intrapulmonary, PO depending on drug"
Vasoactive drugs - antihypertensives / vasodilators,Vasodilator/antihypertensive,Iloprost,"IV, inhaled, intrapulmonary, PO depending on drug"
Vasoactive drugs - antihypertensives / vasodilators,Vasodilator/antihypertensive,Alprostadil,"IV, inhaled, intrapulmonary, PO depending on drug"
Vasoactive drugs - antihypertensives / vasodilators,Vasodilator/antihypertensive,Sildenafil,"IV, inhaled, intrapulmonary, PO depending on drug"
Vasoactive drugs - antihypertensives / vasodilators,Vasodilator/antihypertensive,Adenosine,"IV, inhaled, intrapulmonary, PO depending on drug"
Vasoactive drugs - antihypertensives / vasodilators,Vasodilator/antihypertensive,Magnesium sulfate,"IV, inhaled, intrapulmonary, PO depending on drug"
Vasoactive drugs - antihypertensives / vasodilators,Vasodilator/antihypertensive,Fenoldopam,"IV, inhaled, intrapulmonary, PO depending on drug"
Antiarrhythmics / cardiac rate control,Rhythm/rate,Amiodarone,IV
Antiarrhythmics / cardiac rate control,Rhythm/rate,Lidocaine / Lignocaine,IV
Antiarrhythmics / cardiac rate control,Rhythm/rate,Procainamide,IV
Antiarrhythmics / cardiac rate control,Rhythm/rate,Adenosine,IV
Antiarrhythmics / cardiac rate control,Rhythm/rate,Magnesium sulfate,IV
Antiarrhythmics / cardiac rate control,Rhythm/rate,Esmolol,IV
Antiarrhythmics / cardiac rate control,Rhythm/rate,Metoprolol,IV
Antiarrhythmics / cardiac rate control,Rhythm/rate,Labetalol,IV
Antiarrhythmics / cardiac rate control,Rhythm/rate,Diltiazem,IV
Antiarrhythmics / cardiac rate control,Rhythm/rate,Verapamil,IV
Antiarrhythmics / cardiac rate control,Rhythm/rate,Atropine,IV
Antiarrhythmics / cardiac rate control,Rhythm/rate,Glycopyrrolate,IV
Antiarrhythmics / cardiac rate control,Rhythm/rate,Isoproterenol / Isoprenaline,IV
Antiarrhythmics / cardiac rate control,Rhythm/rate,Calcium chloride,IV
Antiarrhythmics / cardiac rate control,Rhythm/rate,Calcium gluconate,IV
Antiarrhythmics / cardiac rate control,Rhythm/rate,Digoxin,IV
Antiarrhythmics / cardiac rate control,Rhythm/rate,Ibutilide,IV
Antiarrhythmics / cardiac rate control,Rhythm/rate,Sotalol,IV
Antiemetics / prokinetics,PONV/prokinetic,Ondansetron,"IV, PO, transdermal depending on drug"
Antiemetics / prokinetics,PONV/prokinetic,Granisetron,"IV, PO, transdermal depending on drug"
Antiemetics / prokinetics,PONV/prokinetic,Palonosetron,"IV, PO, transdermal depending on drug"
Antiemetics / prokinetics,PONV/prokinetic,Dolasetron,"IV, PO, transdermal depending on drug"
Antiemetics / prokinetics,PONV/prokinetic,Tropisetron,"IV, PO, transdermal depending on drug"
Antiemetics / prokinetics,PONV/prokinetic,Dexamethasone,"IV, PO, transdermal depending on drug"
Antiemetics / prokinetics,PONV/prokinetic,Droperidol,"IV, PO, transdermal depending on drug"
Antiemetics / prokinetics,PONV/prokinetic,Haloperidol,"IV, PO, transdermal depending on drug"
Antiemetics / prokinetics,PONV/prokinetic,Metoclopramide,"IV, PO, transdermal depending on drug"
Antiemetics / prokinetics,PONV/prokinetic,Domperidone,"IV, PO, transdermal depending on drug"
Antiemetics / prokinetics,PONV/prokinetic,Prochlorperazine,"IV, PO, transdermal depending on drug"
Antiemetics / prokinetics,PONV/prokinetic,Promethazine,"IV, PO, transdermal depending on drug"
Antiemetics / prokinetics,PONV/prokinetic,Cyclizine,"IV, PO, transdermal depending on drug"
Antiemetics / prokinetics,PONV/prokinetic,Dimenhydrinate,"IV, PO, transdermal depending on drug"
Antiemetics / prokinetics,PONV/prokinetic,Diphenhydramine,"IV, PO, transdermal depending on drug"
Antiemetics / prokinetics,PONV/prokinetic,Scopolamine / Hyoscine,"IV, PO, transdermal depending on drug"
Antiemetics / prokinetics,PONV/prokinetic,Aprepitant,"IV, PO, transdermal depending on drug"
Antiemetics / prokinetics,PONV/prokinetic,Fosaprepitant,"IV, PO, transdermal depending on drug"
Antiemetics / prokinetics,PONV/prokinetic,Amisulpride,"IV, PO, transdermal depending on drug"
Antiemetics / prokinetics,PONV/prokinetic,Propofol,"IV, PO, transdermal depending on drug"
Antiemetics / prokinetics,PONV/prokinetic,Perphenazine,"IV, PO, transdermal depending on drug"
Acid suppression / aspiration prophylaxis / GI adjuncts,GI/aspiration,Sodium citrate,"IV, PO, enteral"
Acid suppression / aspiration prophylaxis / GI adjuncts,GI/aspiration,Pantoprazole,"IV, PO, enteral"
Acid suppression / aspiration prophylaxis / GI adjuncts,GI/aspiration,Omeprazole,"IV, PO, enteral"
Acid suppression / aspiration prophylaxis / GI adjuncts,GI/aspiration,Esomeprazole,"IV, PO, enteral"
Acid suppression / aspiration prophylaxis / GI adjuncts,GI/aspiration,Lansoprazole,"IV, PO, enteral"
Acid suppression / aspiration prophylaxis / GI adjuncts,GI/aspiration,Rabeprazole,"IV, PO, enteral"
Acid suppression / aspiration prophylaxis / GI adjuncts,GI/aspiration,Famotidine,"IV, PO, enteral"
Acid suppression / aspiration prophylaxis / GI adjuncts,GI/aspiration,Ranitidine,"IV, PO, enteral"
Acid suppression / aspiration prophylaxis / GI adjuncts,GI/aspiration,Cimetidine,"IV, PO, enteral"
Acid suppression / aspiration prophylaxis / GI adjuncts,GI/aspiration,Nizatidine,"IV, PO, enteral"
Acid suppression / aspiration prophylaxis / GI adjuncts,GI/aspiration,Metoclopramide,"IV, PO, enteral"
Acid suppression / aspiration prophylaxis / GI adjuncts,GI/aspiration,Ondansetron,"IV, PO, enteral"
Acid suppression / aspiration prophylaxis / GI adjuncts,GI/aspiration,Glycopyrrolate,"IV, PO, enteral"
Acid suppression / aspiration prophylaxis / GI adjuncts,GI/aspiration,Atropine,"IV, PO, enteral"
Acid suppression / aspiration prophylaxis / GI adjuncts,GI/aspiration,Hyoscine butylbromide,"IV, PO, enteral"
Acid suppression / aspiration prophylaxis / GI adjuncts,GI/aspiration,Octreotide,"IV, PO, enteral"
Acid suppression / aspiration prophylaxis / GI adjuncts,GI/aspiration,Neostigmine,"IV, PO, enteral"
Acid suppression / aspiration prophylaxis / GI adjuncts,GI/aspiration,Sugammadex,"IV, PO, enteral"
Acid suppression / aspiration prophylaxis / GI adjuncts,GI/aspiration,Alvimopan,"IV, PO, enteral"
Acid suppression / aspiration prophylaxis / GI adjuncts,GI/aspiration,Naloxegol,"IV, PO, enteral"
Antimicrobials often given intraoperatively,Antibiotic/antifungal/antiseptic,Cefazolin,"IV, topical, irrigation depending on drug"
Antimicrobials often given intraoperatively,Antibiotic/antifungal/antiseptic,Cefuroxime,"IV, topical, irrigation depending on drug"
Antimicrobials often given intraoperatively,Antibiotic/antifungal/antiseptic,Ceftriaxone,"IV, topical, irrigation depending on drug"
Antimicrobials often given intraoperatively,Antibiotic/antifungal/antiseptic,Cefotaxime,"IV, topical, irrigation depending on drug"
Antimicrobials often given intraoperatively,Antibiotic/antifungal/antiseptic,Cefoxitin,"IV, topical, irrigation depending on drug"
Antimicrobials often given intraoperatively,Antibiotic/antifungal/antiseptic,Cefotetan,"IV, topical, irrigation depending on drug"
Antimicrobials often given intraoperatively,Antibiotic/antifungal/antiseptic,Ceftazidime,"IV, topical, irrigation depending on drug"
Antimicrobials often given intraoperatively,Antibiotic/antifungal/antiseptic,Cefepime,"IV, topical, irrigation depending on drug"
Antimicrobials often given intraoperatively,Antibiotic/antifungal/antiseptic,Ceftaroline,"IV, topical, irrigation depending on drug"
Antimicrobials often given intraoperatively,Antibiotic/antifungal/antiseptic,Ampicillin,"IV, topical, irrigation depending on drug"
Antimicrobials often given intraoperatively,Antibiotic/antifungal/antiseptic,Amoxicillin-clavulanate,"IV, topical, irrigation depending on drug"
Antimicrobials often given intraoperatively,Antibiotic/antifungal/antiseptic,Ampicillin-sulbactam,"IV, topical, irrigation depending on drug"
Antimicrobials often given intraoperatively,Antibiotic/antifungal/antiseptic,Piperacillin-tazobactam,"IV, topical, irrigation depending on drug"
Antimicrobials often given intraoperatively,Antibiotic/antifungal/antiseptic,Benzylpenicillin / Penicillin G,"IV, topical, irrigation depending on drug"
Antimicrobials often given intraoperatively,Antibiotic/antifungal/antiseptic,Flucloxacillin,"IV, topical, irrigation depending on drug"
Antimicrobials often given intraoperatively,Antibiotic/antifungal/antiseptic,Oxacillin,"IV, topical, irrigation depending on drug"
Antimicrobials often given intraoperatively,Antibiotic/antifungal/antiseptic,Nafcillin,"IV, topical, irrigation depending on drug"
Antimicrobials often given intraoperatively,Antibiotic/antifungal/antiseptic,Clindamycin,"IV, topical, irrigation depending on drug"
Antimicrobials often given intraoperatively,Antibiotic/antifungal/antiseptic,Vancomycin,"IV, topical, irrigation depending on drug"
Antimicrobials often given intraoperatively,Antibiotic/antifungal/antiseptic,Teicoplanin,"IV, topical, irrigation depending on drug"
Antimicrobials often given intraoperatively,Antibiotic/antifungal/antiseptic,Gentamicin,"IV, topical, irrigation depending on drug"
Antimicrobials often given intraoperatively,Antibiotic/antifungal/antiseptic,Tobramycin,"IV, topical, irrigation depending on drug"
Antimicrobials often given intraoperatively,Antibiotic/antifungal/antiseptic,Amikacin,"IV, topical, irrigation depending on drug"
Antimicrobials often given intraoperatively,Antibiotic/antifungal/antiseptic,Metronidazole,"IV, topical, irrigation depending on drug"
Antimicrobials often given intraoperatively,Antibiotic/antifungal/antiseptic,Ciprofloxacin,"IV, topical, irrigation depending on drug"
Antimicrobials often given intraoperatively,Antibiotic/antifungal/antiseptic,Levofloxacin,"IV, topical, irrigation depending on drug"
Antimicrobials often given intraoperatively,Antibiotic/antifungal/antiseptic,Moxifloxacin,"IV, topical, irrigation depending on drug"
Antimicrobials often given intraoperatively,Antibiotic/antifungal/antiseptic,Ertapenem,"IV, topical, irrigation depending on drug"
Antimicrobials often given intraoperatively,Antibiotic/antifungal/antiseptic,Meropenem,"IV, topical, irrigation depending on drug"
Antimicrobials often given intraoperatively,Antibiotic/antifungal/antiseptic,Imipenem-cilastatin,"IV, topical, irrigation depending on drug"
Antimicrobials often given intraoperatively,Antibiotic/antifungal/antiseptic,Aztreonam,"IV, topical, irrigation depending on drug"
Antimicrobials often given intraoperatively,Antibiotic/antifungal/antiseptic,Linezolid,"IV, topical, irrigation depending on drug"
Antimicrobials often given intraoperatively,Antibiotic/antifungal/antiseptic,Daptomycin,"IV, topical, irrigation depending on drug"
Antimicrobials often given intraoperatively,Antibiotic/antifungal/antiseptic,Tigecycline,"IV, topical, irrigation depending on drug"
Antimicrobials often given intraoperatively,Antibiotic/antifungal/antiseptic,Colistin / Colistimethate,"IV, topical, irrigation depending on drug"
Antimicrobials often given intraoperatively,Antibiotic/antifungal/antiseptic,Trimethoprim-sulfamethoxazole,"IV, topical, irrigation depending on drug"
Antimicrobials often given intraoperatively,Antibiotic/antifungal/antiseptic,Doxycycline,"IV, topical, irrigation depending on drug"
Antimicrobials often given intraoperatively,Antibiotic/antifungal/antiseptic,Azithromycin,"IV, topical, irrigation depending on drug"
Antimicrobials often given intraoperatively,Antibiotic/antifungal/antiseptic,Fluconazole,"IV, topical, irrigation depending on drug"
Antimicrobials often given intraoperatively,Antibiotic/antifungal/antiseptic,Voriconazole,"IV, topical, irrigation depending on drug"
Antimicrobials often given intraoperatively,Antibiotic/antifungal/antiseptic,Anidulafungin,"IV, topical, irrigation depending on drug"
Antimicrobials often given intraoperatively,Antibiotic/antifungal/antiseptic,Caspofungin,"IV, topical, irrigation depending on drug"
Antimicrobials often given intraoperatively,Antibiotic/antifungal/antiseptic,Micafungin,"IV, topical, irrigation depending on drug"
Antimicrobials often given intraoperatively,Antibiotic/antifungal/antiseptic,Amphotericin B,"IV, topical, irrigation depending on drug"
Antimicrobials often given intraoperatively,Antibiotic/antifungal/antiseptic,Mupirocin,"IV, topical, irrigation depending on drug"
Antimicrobials often given intraoperatively,Antibiotic/antifungal/antiseptic,Povidone-iodine,"IV, topical, irrigation depending on drug"
Antimicrobials often given intraoperatively,Antibiotic/antifungal/antiseptic,Chlorhexidine,"IV, topical, irrigation depending on drug"
Hemostasis / anticoagulation / transfusion pharmacology,Coagulation/hemostasis/colloid,Unfractionated heparin,"IV, topical, irrigation depending on drug"
Hemostasis / anticoagulation / transfusion pharmacology,Coagulation/hemostasis/colloid,Low-molecular-weight heparin / Enoxaparin,"IV, topical, irrigation depending on drug"
Hemostasis / anticoagulation / transfusion pharmacology,Coagulation/hemostasis/colloid,Protamine,"IV, topical, irrigation depending on drug"
Hemostasis / anticoagulation / transfusion pharmacology,Coagulation/hemostasis/colloid,Tranexamic acid,"IV, topical, irrigation depending on drug"
Hemostasis / anticoagulation / transfusion pharmacology,Coagulation/hemostasis/colloid,Aminocaproic acid,"IV, topical, irrigation depending on drug"
Hemostasis / anticoagulation / transfusion pharmacology,Coagulation/hemostasis/colloid,Aprotinin,"IV, topical, irrigation depending on drug"
Hemostasis / anticoagulation / transfusion pharmacology,Coagulation/hemostasis/colloid,Desmopressin,"IV, topical, irrigation depending on drug"
Hemostasis / anticoagulation / transfusion pharmacology,Coagulation/hemostasis/colloid,Vitamin K / Phytomenadione,"IV, topical, irrigation depending on drug"
Hemostasis / anticoagulation / transfusion pharmacology,Coagulation/hemostasis/colloid,Fibrinogen concentrate,"IV, topical, irrigation depending on drug"
Hemostasis / anticoagulation / transfusion pharmacology,Coagulation/hemostasis/colloid,Prothrombin complex concentrate 4-factor,"IV, topical, irrigation depending on drug"
Hemostasis / anticoagulation / transfusion pharmacology,Coagulation/hemostasis/colloid,Prothrombin complex concentrate 3-factor,"IV, topical, irrigation depending on drug"
Hemostasis / anticoagulation / transfusion pharmacology,Coagulation/hemostasis/colloid,Activated factor VII / Eptacog alfa,"IV, topical, irrigation depending on drug"
Hemostasis / anticoagulation / transfusion pharmacology,Coagulation/hemostasis/colloid,Factor VIII concentrate,"IV, topical, irrigation depending on drug"
Hemostasis / anticoagulation / transfusion pharmacology,Coagulation/hemostasis/colloid,Factor IX concentrate,"IV, topical, irrigation depending on drug"
Hemostasis / anticoagulation / transfusion pharmacology,Coagulation/hemostasis/colloid,von Willebrand factor concentrate,"IV, topical, irrigation depending on drug"
Hemostasis / anticoagulation / transfusion pharmacology,Coagulation/hemostasis/colloid,Antithrombin concentrate,"IV, topical, irrigation depending on drug"
Hemostasis / anticoagulation / transfusion pharmacology,Coagulation/hemostasis/colloid,Bivalirudin,"IV, topical, irrigation depending on drug"
Hemostasis / anticoagulation / transfusion pharmacology,Coagulation/hemostasis/colloid,Argatroban,"IV, topical, irrigation depending on drug"
Hemostasis / anticoagulation / transfusion pharmacology,Coagulation/hemostasis/colloid,Alteplase,"IV, topical, irrigation depending on drug"
Hemostasis / anticoagulation / transfusion pharmacology,Coagulation/hemostasis/colloid,Tenecteplase,"IV, topical, irrigation depending on drug"
Hemostasis / anticoagulation / transfusion pharmacology,Coagulation/hemostasis/colloid,Urokinase,"IV, topical, irrigation depending on drug"
Hemostasis / anticoagulation / transfusion pharmacology,Coagulation/hemostasis/colloid,Calcium chloride,"IV, topical, irrigation depending on drug"
Hemostasis / anticoagulation / transfusion pharmacology,Coagulation/hemostasis/colloid,Calcium gluconate,"IV, topical, irrigation depending on drug"
Hemostasis / anticoagulation / transfusion pharmacology,Coagulation/hemostasis/colloid,Topical thrombin,"IV, topical, irrigation depending on drug"
Hemostasis / anticoagulation / transfusion pharmacology,Coagulation/hemostasis/colloid,Fibrin sealant / fibrin glue,"IV, topical, irrigation depending on drug"
Hemostasis / anticoagulation / transfusion pharmacology,Coagulation/hemostasis/colloid,Oxidized cellulose,"IV, topical, irrigation depending on drug"
Hemostasis / anticoagulation / transfusion pharmacology,Coagulation/hemostasis/colloid,Gelatin-thrombin matrix,"IV, topical, irrigation depending on drug"
Hemostasis / anticoagulation / transfusion pharmacology,Coagulation/hemostasis/colloid,Albumin,"IV, topical, irrigation depending on drug"
Hemostasis / anticoagulation / transfusion pharmacology,Coagulation/hemostasis/colloid,Hydroxyethyl starch,"IV, topical, irrigation depending on drug"
Hemostasis / anticoagulation / transfusion pharmacology,Coagulation/hemostasis/colloid,Gelatin solution,"IV, topical, irrigation depending on drug"
Hemostasis / anticoagulation / transfusion pharmacology,Coagulation/hemostasis/colloid,Dextran,"IV, topical, irrigation depending on drug"
Obstetric uterotonics / tocolytics,Obstetric,Oxytocin,"IV, IM, intrauterine, sublingual, rectal, PO depending on drug"
Obstetric uterotonics / tocolytics,Obstetric,Carbetocin,"IV, IM, intrauterine, sublingual, rectal, PO depending on drug"
Obstetric uterotonics / tocolytics,Obstetric,Ergometrine / Methylergometrine,"IV, IM, intrauterine, sublingual, rectal, PO depending on drug"
Obstetric uterotonics / tocolytics,Obstetric,Carboprost,"IV, IM, intrauterine, sublingual, rectal, PO depending on drug"
Obstetric uterotonics / tocolytics,Obstetric,Misoprostol,"IV, IM, intrauterine, sublingual, rectal, PO depending on drug"
Obstetric uterotonics / tocolytics,Obstetric,Dinoprostone,"IV, IM, intrauterine, sublingual, rectal, PO depending on drug"
Obstetric uterotonics / tocolytics,Obstetric,Sulprostone,"IV, IM, intrauterine, sublingual, rectal, PO depending on drug"
Obstetric uterotonics / tocolytics,Obstetric,Terbutaline,"IV, IM, intrauterine, sublingual, rectal, PO depending on drug"
Obstetric uterotonics / tocolytics,Obstetric,Salbutamol / Albuterol,"IV, IM, intrauterine, sublingual, rectal, PO depending on drug"
Obstetric uterotonics / tocolytics,Obstetric,Nitroglycerin / Glyceryl trinitrate,"IV, IM, intrauterine, sublingual, rectal, PO depending on drug"
Obstetric uterotonics / tocolytics,Obstetric,Magnesium sulfate,"IV, IM, intrauterine, sublingual, rectal, PO depending on drug"
Obstetric uterotonics / tocolytics,Obstetric,Nifedipine,"IV, IM, intrauterine, sublingual, rectal, PO depending on drug"
Obstetric uterotonics / tocolytics,Obstetric,Atosiban,"IV, IM, intrauterine, sublingual, rectal, PO depending on drug"
Obstetric uterotonics / tocolytics,Obstetric,Indomethacin,"IV, IM, intrauterine, sublingual, rectal, PO depending on drug"
Endocrine / metabolic / electrolytes,Metabolic/electrolyte,Regular insulin / Actrapid,"IV, PO, enteral depending on drug"
Endocrine / metabolic / electrolytes,Metabolic/electrolyte,Dextrose / Glucose,"IV, PO, enteral depending on drug"
Endocrine / metabolic / electrolytes,Metabolic/electrolyte,Glucagon,"IV, PO, enteral depending on drug"
Endocrine / metabolic / electrolytes,Metabolic/electrolyte,Hydrocortisone,"IV, PO, enteral depending on drug"
Endocrine / metabolic / electrolytes,Metabolic/electrolyte,Methylprednisolone,"IV, PO, enteral depending on drug"
Endocrine / metabolic / electrolytes,Metabolic/electrolyte,Dexamethasone,"IV, PO, enteral depending on drug"
Endocrine / metabolic / electrolytes,Metabolic/electrolyte,Prednisolone,"IV, PO, enteral depending on drug"
Endocrine / metabolic / electrolytes,Metabolic/electrolyte,Sodium bicarbonate,"IV, PO, enteral depending on drug"
Endocrine / metabolic / electrolytes,Metabolic/electrolyte,Calcium chloride,"IV, PO, enteral depending on drug"
Endocrine / metabolic / electrolytes,Metabolic/electrolyte,Calcium gluconate,"IV, PO, enteral depending on drug"
Endocrine / metabolic / electrolytes,Metabolic/electrolyte,Magnesium sulfate,"IV, PO, enteral depending on drug"
Endocrine / metabolic / electrolytes,Metabolic/electrolyte,Potassium chloride,"IV, PO, enteral depending on drug"
Endocrine / metabolic / electrolytes,Metabolic/electrolyte,Potassium phosphate,"IV, PO, enteral depending on drug"
Endocrine / metabolic / electrolytes,Metabolic/electrolyte,Sodium phosphate,"IV, PO, enteral depending on drug"
Endocrine / metabolic / electrolytes,Metabolic/electrolyte,Sodium chloride hypertonic,"IV, PO, enteral depending on drug"
Endocrine / metabolic / electrolytes,Metabolic/electrolyte,Mannitol,"IV, PO, enteral depending on drug"
Endocrine / metabolic / electrolytes,Metabolic/electrolyte,Furosemide,"IV, PO, enteral depending on drug"
Endocrine / metabolic / electrolytes,Metabolic/electrolyte,Bumetanide,"IV, PO, enteral depending on drug"
Endocrine / metabolic / electrolytes,Metabolic/electrolyte,Acetazolamide,"IV, PO, enteral depending on drug"
Endocrine / metabolic / electrolytes,Metabolic/electrolyte,Levothyroxine,"IV, PO, enteral depending on drug"
Endocrine / metabolic / electrolytes,Metabolic/electrolyte,Liothyronine,"IV, PO, enteral depending on drug"
Endocrine / metabolic / electrolytes,Metabolic/electrolyte,Desmopressin,"IV, PO, enteral depending on drug"
Endocrine / metabolic / electrolytes,Metabolic/electrolyte,Vasopressin,"IV, PO, enteral depending on drug"
Endocrine / metabolic / electrolytes,Metabolic/electrolyte,Octreotide,"IV, PO, enteral depending on drug"
Endocrine / metabolic / electrolytes,Metabolic/electrolyte,Sodium zirconium cyclosilicate,"IV, PO, enteral depending on drug"
Endocrine / metabolic / electrolytes,Metabolic/electrolyte,Calcium resonium / Sodium polystyrene sulfonate,"IV, PO, enteral depending on drug"
Respiratory drugs / bronchodilators,Airway/bronchospasm/pulmonary vascular,Salbutamol / Albuterol,"Inhaled, nebulized, IV, intratracheal depending on drug"
Respiratory drugs / bronchodilators,Airway/bronchospasm/pulmonary vascular,Levosalbutamol / Levalbuterol,"Inhaled, nebulized, IV, intratracheal depending on drug"
Respiratory drugs / bronchodilators,Airway/bronchospasm/pulmonary vascular,Terbutaline,"Inhaled, nebulized, IV, intratracheal depending on drug"
Respiratory drugs / bronchodilators,Airway/bronchospasm/pulmonary vascular,Ipratropium,"Inhaled, nebulized, IV, intratracheal depending on drug"
Respiratory drugs / bronchodilators,Airway/bronchospasm/pulmonary vascular,Tiotropium,"Inhaled, nebulized, IV, intratracheal depending on drug"
Respiratory drugs / bronchodilators,Airway/bronchospasm/pulmonary vascular,Aminophylline,"Inhaled, nebulized, IV, intratracheal depending on drug"
Respiratory drugs / bronchodilators,Airway/bronchospasm/pulmonary vascular,Theophylline,"Inhaled, nebulized, IV, intratracheal depending on drug"
Respiratory drugs / bronchodilators,Airway/bronchospasm/pulmonary vascular,Epinephrine / Adrenaline,"Inhaled, nebulized, IV, intratracheal depending on drug"
Respiratory drugs / bronchodilators,Airway/bronchospasm/pulmonary vascular,Racemic epinephrine,"Inhaled, nebulized, IV, intratracheal depending on drug"
Respiratory drugs / bronchodilators,Airway/bronchospasm/pulmonary vascular,Magnesium sulfate,"Inhaled, nebulized, IV, intratracheal depending on drug"
Respiratory drugs / bronchodilators,Airway/bronchospasm/pulmonary vascular,Hydrocortisone,"Inhaled, nebulized, IV, intratracheal depending on drug"
Respiratory drugs / bronchodilators,Airway/bronchospasm/pulmonary vascular,Methylprednisolone,"Inhaled, nebulized, IV, intratracheal depending on drug"
Respiratory drugs / bronchodilators,Airway/bronchospasm/pulmonary vascular,Dexamethasone,"Inhaled, nebulized, IV, intratracheal depending on drug"
Respiratory drugs / bronchodilators,Airway/bronchospasm/pulmonary vascular,Budesonide,"Inhaled, nebulized, IV, intratracheal depending on drug"
Respiratory drugs / bronchodilators,Airway/bronchospasm/pulmonary vascular,Beclomethasone,"Inhaled, nebulized, IV, intratracheal depending on drug"
Respiratory drugs / bronchodilators,Airway/bronchospasm/pulmonary vascular,Fluticasone,"Inhaled, nebulized, IV, intratracheal depending on drug"
Respiratory drugs / bronchodilators,Airway/bronchospasm/pulmonary vascular,Montelukast,"Inhaled, nebulized, IV, intratracheal depending on drug"
Respiratory drugs / bronchodilators,Airway/bronchospasm/pulmonary vascular,Nitric oxide,"Inhaled, nebulized, IV, intratracheal depending on drug"
Respiratory drugs / bronchodilators,Airway/bronchospasm/pulmonary vascular,Epoprostenol,"Inhaled, nebulized, IV, intratracheal depending on drug"
Respiratory drugs / bronchodilators,Airway/bronchospasm/pulmonary vascular,Iloprost,"Inhaled, nebulized, IV, intratracheal depending on drug"
Respiratory drugs / bronchodilators,Airway/bronchospasm/pulmonary vascular,Surfactant,"Inhaled, nebulized, IV, intratracheal depending on drug"
Respiratory drugs / bronchodilators,Airway/bronchospasm/pulmonary vascular,Dornase alfa,"Inhaled, nebulized, IV, intratracheal depending on drug"
Respiratory drugs / bronchodilators,Airway/bronchospasm/pulmonary vascular,Acetylcysteine,"Inhaled, nebulized, IV, intratracheal depending on drug"
Emergency drugs / antidotes / rescue agents,Crisis management,Epinephrine / Adrenaline,"IV, IM, IO, PO/enteral, topical depending on drug"
Emergency drugs / antidotes / rescue agents,Crisis management,Atropine,"IV, IM, IO, PO/enteral, topical depending on drug"
Emergency drugs / antidotes / rescue agents,Crisis management,Amiodarone,"IV, IM, IO, PO/enteral, topical depending on drug"
Emergency drugs / antidotes / rescue agents,Crisis management,Lidocaine / Lignocaine,"IV, IM, IO, PO/enteral, topical depending on drug"
Emergency drugs / antidotes / rescue agents,Crisis management,Calcium chloride,"IV, IM, IO, PO/enteral, topical depending on drug"
Emergency drugs / antidotes / rescue agents,Crisis management,Calcium gluconate,"IV, IM, IO, PO/enteral, topical depending on drug"
Emergency drugs / antidotes / rescue agents,Crisis management,Sodium bicarbonate,"IV, IM, IO, PO/enteral, topical depending on drug"
Emergency drugs / antidotes / rescue agents,Crisis management,Magnesium sulfate,"IV, IM, IO, PO/enteral, topical depending on drug"
Emergency drugs / antidotes / rescue agents,Crisis management,Naloxone,"IV, IM, IO, PO/enteral, topical depending on drug"
Emergency drugs / antidotes / rescue agents,Crisis management,Flumazenil,"IV, IM, IO, PO/enteral, topical depending on drug"
Emergency drugs / antidotes / rescue agents,Crisis management,Sugammadex,"IV, IM, IO, PO/enteral, topical depending on drug"
Emergency drugs / antidotes / rescue agents,Crisis management,Neostigmine,"IV, IM, IO, PO/enteral, topical depending on drug"
Emergency drugs / antidotes / rescue agents,Crisis management,Glycopyrrolate,"IV, IM, IO, PO/enteral, topical depending on drug"
Emergency drugs / antidotes / rescue agents,Crisis management,Lipid emulsion 20%,"IV, IM, IO, PO/enteral, topical depending on drug"
Emergency drugs / antidotes / rescue agents,Crisis management,Dantrolene,"IV, IM, IO, PO/enteral, topical depending on drug"
Emergency drugs / antidotes / rescue agents,Crisis management,Methylene blue,"IV, IM, IO, PO/enteral, topical depending on drug"
Emergency drugs / antidotes / rescue agents,Crisis management,Hydroxocobalamin,"IV, IM, IO, PO/enteral, topical depending on drug"
Emergency drugs / antidotes / rescue agents,Crisis management,Cyproheptadine,"IV, IM, IO, PO/enteral, topical depending on drug"
Emergency drugs / antidotes / rescue agents,Crisis management,Physostigmine,"IV, IM, IO, PO/enteral, topical depending on drug"
Emergency drugs / antidotes / rescue agents,Crisis management,Pralidoxime,"IV, IM, IO, PO/enteral, topical depending on drug"
Emergency drugs / antidotes / rescue agents,Crisis management,Activated charcoal,"IV, IM, IO, PO/enteral, topical depending on drug"
Emergency drugs / antidotes / rescue agents,Crisis management,Insulin + dextrose,"IV, IM, IO, PO/enteral, topical depending on drug"
Emergency drugs / antidotes / rescue agents,Crisis management,Glucagon,"IV, IM, IO, PO/enteral, topical depending on drug"
Emergency drugs / antidotes / rescue agents,Crisis management,Phentolamine,"IV, IM, IO, PO/enteral, topical depending on drug"
Emergency drugs / antidotes / rescue agents,Crisis management,Hyaluronidase,"IV, IM, IO, PO/enteral, topical depending on drug"
Emergency drugs / antidotes / rescue agents,Crisis management,Nitroglycerin / Glyceryl trinitrate,"IV, IM, IO, PO/enteral, topical depending on drug"
Emergency drugs / antidotes / rescue agents,Crisis management,Benzodiazepines,"IV, IM, IO, PO/enteral, topical depending on drug"
Emergency drugs / antidotes / rescue agents,Crisis management,Levetiracetam,"IV, IM, IO, PO/enteral, topical depending on drug"
Emergency drugs / antidotes / rescue agents,Crisis management,Phenobarbital,"IV, IM, IO, PO/enteral, topical depending on drug"
Emergency drugs / antidotes / rescue agents,Crisis management,Propofol,"IV, IM, IO, PO/enteral, topical depending on drug"
Emergency drugs / antidotes / rescue agents,Crisis management,Rocuronium,"IV, IM, IO, PO/enteral, topical depending on drug"
Emergency drugs / antidotes / rescue agents,Crisis management,Succinylcholine / Suxamethonium,"IV, IM, IO, PO/enteral, topical depending on drug"
Emergency drugs / antidotes / rescue agents,Crisis management,Tranexamic acid,"IV, IM, IO, PO/enteral, topical depending on drug"
Emergency drugs / antidotes / rescue agents,Crisis management,Protamine,"IV, IM, IO, PO/enteral, topical depending on drug"
Emergency drugs / antidotes / rescue agents,Crisis management,Prothrombin complex concentrate 4-factor,"IV, IM, IO, PO/enteral, topical depending on drug"
Neuro / ICP / anticonvulsants,Neuroanesthesia,Mannitol,"IV, topical/intra-arterial depending on drug"
Neuro / ICP / anticonvulsants,Neuroanesthesia,Hypertonic saline,"IV, topical/intra-arterial depending on drug"
Neuro / ICP / anticonvulsants,Neuroanesthesia,Furosemide,"IV, topical/intra-arterial depending on drug"
Neuro / ICP / anticonvulsants,Neuroanesthesia,Dexamethasone,"IV, topical/intra-arterial depending on drug"
Neuro / ICP / anticonvulsants,Neuroanesthesia,Thiopental / Thiopentone,"IV, topical/intra-arterial depending on drug"
Neuro / ICP / anticonvulsants,Neuroanesthesia,Propofol,"IV, topical/intra-arterial depending on drug"
Neuro / ICP / anticonvulsants,Neuroanesthesia,Midazolam,"IV, topical/intra-arterial depending on drug"
Neuro / ICP / anticonvulsants,Neuroanesthesia,Diazepam,"IV, topical/intra-arterial depending on drug"
Neuro / ICP / anticonvulsants,Neuroanesthesia,Lorazepam,"IV, topical/intra-arterial depending on drug"
Neuro / ICP / anticonvulsants,Neuroanesthesia,Levetiracetam,"IV, topical/intra-arterial depending on drug"
Neuro / ICP / anticonvulsants,Neuroanesthesia,Phenytoin,"IV, topical/intra-arterial depending on drug"
Neuro / ICP / anticonvulsants,Neuroanesthesia,Fosphenytoin,"IV, topical/intra-arterial depending on drug"
Neuro / ICP / anticonvulsants,Neuroanesthesia,Valproate,"IV, topical/intra-arterial depending on drug"
Neuro / ICP / anticonvulsants,Neuroanesthesia,Phenobarbital,"IV, topical/intra-arterial depending on drug"
Neuro / ICP / anticonvulsants,Neuroanesthesia,Lacosamide,"IV, topical/intra-arterial depending on drug"
Neuro / ICP / anticonvulsants,Neuroanesthesia,Magnesium sulfate,"IV, topical/intra-arterial depending on drug"
Neuro / ICP / anticonvulsants,Neuroanesthesia,Adenosine,"IV, topical/intra-arterial depending on drug"
Neuro / ICP / anticonvulsants,Neuroanesthesia,Papaverine,"IV, topical/intra-arterial depending on drug"
Neuro / ICP / anticonvulsants,Neuroanesthesia,Nimodipine,"IV, topical/intra-arterial depending on drug"
Neuro / ICP / anticonvulsants,Neuroanesthesia,Tranexamic acid,"IV, topical/intra-arterial depending on drug"
Neuro / ICP / anticonvulsants,Neuroanesthesia,Desmopressin,"IV, topical/intra-arterial depending on drug"
Topical airway / nasal / ENT agents,Airway topicalization / ENT,Lidocaine / Lignocaine spray/gel,"Topical, nebulized, intranasal, airway mucosal"
Topical airway / nasal / ENT agents,Airway topicalization / ENT,Tetracaine / Amethocaine,"Topical, nebulized, intranasal, airway mucosal"
Topical airway / nasal / ENT agents,Airway topicalization / ENT,Benzocaine,"Topical, nebulized, intranasal, airway mucosal"
Topical airway / nasal / ENT agents,Airway topicalization / ENT,Cocaine topical,"Topical, nebulized, intranasal, airway mucosal"
Topical airway / nasal / ENT agents,Airway topicalization / ENT,Phenylephrine topical/nasal,"Topical, nebulized, intranasal, airway mucosal"
Topical airway / nasal / ENT agents,Airway topicalization / ENT,Oxymetazoline,"Topical, nebulized, intranasal, airway mucosal"
Topical airway / nasal / ENT agents,Airway topicalization / ENT,Xylometazoline,"Topical, nebulized, intranasal, airway mucosal"
Topical airway / nasal / ENT agents,Airway topicalization / ENT,Naphazoline,"Topical, nebulized, intranasal, airway mucosal"
Topical airway / nasal / ENT agents,Airway topicalization / ENT,Epinephrine / Adrenaline topical,"Topical, nebulized, intranasal, airway mucosal"
Topical airway / nasal / ENT agents,Airway topicalization / ENT,Tranexamic acid topical/nebulized,"Topical, nebulized, intranasal, airway mucosal"
Topical airway / nasal / ENT agents,Airway topicalization / ENT,Mucosal atomized ketamine,"Topical, nebulized, intranasal, airway mucosal"
Topical airway / nasal / ENT agents,Airway topicalization / ENT,Nebulized lidocaine,"Topical, nebulized, intranasal, airway mucosal"
Topical airway / nasal / ENT agents,Airway topicalization / ENT,Saline topical/nebulized,"Topical, nebulized, intranasal, airway mucosal"
Topical airway / nasal / ENT agents,Airway topicalization / ENT,Acetylcysteine,"Topical, nebulized, intranasal, airway mucosal"
Topical airway / nasal / ENT agents,Airway topicalization / ENT,Povidone-iodine,"Topical, nebulized, intranasal, airway mucosal"
Topical airway / nasal / ENT agents,Airway topicalization / ENT,Chlorhexidine,"Topical, nebulized, intranasal, airway mucosal"
Ophthalmic / specialty intraoperative agents,Ophthalmic/ENT/specialty,Phenylephrine ophthalmic,"Topical, intracameral, intravitreal, IV depending on drug"
Ophthalmic / specialty intraoperative agents,Ophthalmic/ENT/specialty,Tropicamide,"Topical, intracameral, intravitreal, IV depending on drug"
Ophthalmic / specialty intraoperative agents,Ophthalmic/ENT/specialty,Cyclopentolate,"Topical, intracameral, intravitreal, IV depending on drug"
Ophthalmic / specialty intraoperative agents,Ophthalmic/ENT/specialty,Atropine ophthalmic,"Topical, intracameral, intravitreal, IV depending on drug"
Ophthalmic / specialty intraoperative agents,Ophthalmic/ENT/specialty,Pilocarpine,"Topical, intracameral, intravitreal, IV depending on drug"
Ophthalmic / specialty intraoperative agents,Ophthalmic/ENT/specialty,Acetylcholine intraocular,"Topical, intracameral, intravitreal, IV depending on drug"
Ophthalmic / specialty intraoperative agents,Ophthalmic/ENT/specialty,Carbachol intraocular,"Topical, intracameral, intravitreal, IV depending on drug"
Ophthalmic / specialty intraoperative agents,Ophthalmic/ENT/specialty,Lidocaine intracameral,"Topical, intracameral, intravitreal, IV depending on drug"
Ophthalmic / specialty intraoperative agents,Ophthalmic/ENT/specialty,Moxifloxacin intracameral,"Topical, intracameral, intravitreal, IV depending on drug"
Ophthalmic / specialty intraoperative agents,Ophthalmic/ENT/specialty,Cefuroxime intracameral,"Topical, intracameral, intravitreal, IV depending on drug"
Ophthalmic / specialty intraoperative agents,Ophthalmic/ENT/specialty,Triamcinolone,"Topical, intracameral, intravitreal, IV depending on drug"
Ophthalmic / specialty intraoperative agents,Ophthalmic/ENT/specialty,Bevacizumab,"Topical, intracameral, intravitreal, IV depending on drug"
Ophthalmic / specialty intraoperative agents,Ophthalmic/ENT/specialty,Ranibizumab,"Topical, intracameral, intravitreal, IV depending on drug"
Ophthalmic / specialty intraoperative agents,Ophthalmic/ENT/specialty,Aflibercept,"Topical, intracameral, intravitreal, IV depending on drug"
Ophthalmic / specialty intraoperative agents,Ophthalmic/ENT/specialty,Acetazolamide,"Topical, intracameral, intravitreal, IV depending on drug"
Ophthalmic / specialty intraoperative agents,Ophthalmic/ENT/specialty,Mannitol,"Topical, intracameral, intravitreal, IV depending on drug"
Ophthalmic / specialty intraoperative agents,Ophthalmic/ENT/specialty,Indocyanine green,"Topical, intracameral, intravitreal, IV depending on drug"
Ophthalmic / specialty intraoperative agents,Ophthalmic/ENT/specialty,Trypan blue,"Topical, intracameral, intravitreal, IV depending on drug"
Ophthalmic / specialty intraoperative agents,Ophthalmic/ENT/specialty,Fluorescein,"Topical, intracameral, intravitreal, IV depending on drug"
Ophthalmic / specialty intraoperative agents,Ophthalmic/ENT/specialty,Papaverine topical,"Topical, intracameral, intravitreal, IV depending on drug"
Ophthalmic / specialty intraoperative agents,Ophthalmic/ENT/specialty,Mitomycin C topical,"Topical, intracameral, intravitreal, IV depending on drug"
Anaphylaxis / allergy adjuncts,Anaphylaxis/allergy,Epinephrine / Adrenaline,"IV, IM, inhaled depending on drug"
Anaphylaxis / allergy adjuncts,Anaphylaxis/allergy,Norepinephrine / Noradrenaline,"IV, IM, inhaled depending on drug"
Anaphylaxis / allergy adjuncts,Anaphylaxis/allergy,Vasopressin,"IV, IM, inhaled depending on drug"
Anaphylaxis / allergy adjuncts,Anaphylaxis/allergy,Salbutamol / Albuterol,"IV, IM, inhaled depending on drug"
Anaphylaxis / allergy adjuncts,Anaphylaxis/allergy,Hydrocortisone,"IV, IM, inhaled depending on drug"
Anaphylaxis / allergy adjuncts,Anaphylaxis/allergy,Methylprednisolone,"IV, IM, inhaled depending on drug"
Anaphylaxis / allergy adjuncts,Anaphylaxis/allergy,Dexamethasone,"IV, IM, inhaled depending on drug"
Anaphylaxis / allergy adjuncts,Anaphylaxis/allergy,Chlorphenamine / Chlorpheniramine,"IV, IM, inhaled depending on drug"
Anaphylaxis / allergy adjuncts,Anaphylaxis/allergy,Diphenhydramine,"IV, IM, inhaled depending on drug"
Anaphylaxis / allergy adjuncts,Anaphylaxis/allergy,Clemastine,"IV, IM, inhaled depending on drug"
Anaphylaxis / allergy adjuncts,Anaphylaxis/allergy,Promethazine,"IV, IM, inhaled depending on drug"
Anaphylaxis / allergy adjuncts,Anaphylaxis/allergy,Famotidine,"IV, IM, inhaled depending on drug"
Anaphylaxis / allergy adjuncts,Anaphylaxis/allergy,Ranitidine,"IV, IM, inhaled depending on drug"
Anaphylaxis / allergy adjuncts,Anaphylaxis/allergy,Glucagon,"IV, IM, inhaled depending on drug"
Anaphylaxis / allergy adjuncts,Anaphylaxis/allergy,Methylene blue,"IV, IM, inhaled depending on drug"
Anaphylaxis / allergy adjuncts,Anaphylaxis/allergy,Lipid emulsion 20%,"IV, IM, inhaled depending on drug"
Miscellaneous perioperative adjuncts,Dyes/sclerosants/topical vascular adjuncts,Indocyanine green,"IV, topical, intra-arterial, intralesional, intrapleural depending on drug"
Miscellaneous perioperative adjuncts,Dyes/sclerosants/topical vascular adjuncts,Methylene blue,"IV, topical, intra-arterial, intralesional, intrapleural depending on drug"
Miscellaneous perioperative adjuncts,Dyes/sclerosants/topical vascular adjuncts,Patent blue V,"IV, topical, intra-arterial, intralesional, intrapleural depending on drug"
Miscellaneous perioperative adjuncts,Dyes/sclerosants/topical vascular adjuncts,Isosulfan blue,"IV, topical, intra-arterial, intralesional, intrapleural depending on drug"
Miscellaneous perioperative adjuncts,Dyes/sclerosants/topical vascular adjuncts,Fluorescein,"IV, topical, intra-arterial, intralesional, intrapleural depending on drug"
Miscellaneous perioperative adjuncts,Dyes/sclerosants/topical vascular adjuncts,Aminolevulinic acid,"IV, topical, intra-arterial, intralesional, intrapleural depending on drug"
Miscellaneous perioperative adjuncts,Dyes/sclerosants/topical vascular adjuncts,Heparinized saline,"IV, topical, intra-arterial, intralesional, intrapleural depending on drug"
Miscellaneous perioperative adjuncts,Dyes/sclerosants/topical vascular adjuncts,Papaverine,"IV, topical, intra-arterial, intralesional, intrapleural depending on drug"
Miscellaneous perioperative adjuncts,Dyes/sclerosants/topical vascular adjuncts,Verapamil topical/intra-arterial,"IV, topical, intra-arterial, intralesional, intrapleural depending on drug"
Miscellaneous perioperative adjuncts,Dyes/sclerosants/topical vascular adjuncts,Nitroglycerin topical,"IV, topical, intra-arterial, intralesional, intrapleural depending on drug"
Miscellaneous perioperative adjuncts,Dyes/sclerosants/topical vascular adjuncts,Nimodipine,"IV, topical, intra-arterial, intralesional, intrapleural depending on drug"
Miscellaneous perioperative adjuncts,Dyes/sclerosants/topical vascular adjuncts,Botulinum toxin,"IV, topical, intra-arterial, intralesional, intrapleural depending on drug"
Miscellaneous perioperative adjuncts,Dyes/sclerosants/topical vascular adjuncts,Phenol,"IV, topical, intra-arterial, intralesional, intrapleural depending on drug"
Miscellaneous perioperative adjuncts,Dyes/sclerosants/topical vascular adjuncts,Ethanol injection,"IV, topical, intra-arterial, intralesional, intrapleural depending on drug"
Miscellaneous perioperative adjuncts,Dyes/sclerosants/topical vascular adjuncts,Hypertonic saline,"IV, topical, intra-arterial, intralesional, intrapleural depending on drug"
Miscellaneous perioperative adjuncts,Dyes/sclerosants/topical vascular adjuncts,Sodium tetradecyl sulfate,"IV, topical, intra-arterial, intralesional, intrapleural depending on drug"
Miscellaneous perioperative adjuncts,Dyes/sclerosants/topical vascular adjuncts,Polidocanol,"IV, topical, intra-arterial, intralesional, intrapleural depending on drug"
Miscellaneous perioperative adjuncts,Dyes/sclerosants/topical vascular adjuncts,Doxycycline sclerotherapy,"IV, topical, intra-arterial, intralesional, intrapleural depending on drug"
Miscellaneous perioperative adjuncts,Dyes/sclerosants/topical vascular adjuncts,Talc pleurodesis,"IV, topical, intra-arterial, intralesional, intrapleural depending on drug"
Miscellaneous perioperative adjuncts,Dyes/sclerosants/topical vascular adjuncts,Methylene blue for vasoplegia/dye,"IV, topical, intra-arterial, intralesional, intrapleural depending on drug"
Miscellaneous perioperative adjuncts,Dyes/sclerosants/topical vascular adjuncts,Charcoal / activated charcoal,"IV, topical, intra-arterial, intralesional, intrapleural depending on drug"
